{
  "profile": [
    {
      "name": "Anu Priya",
      "age": 26,
      "image": "../../assets/img1.jpg",
      "Qualification": "MBBS",
      "Address": "Chennai,Tamilnadu"
    },
    {
      "name": "Chithra",
      "age": 25,
      "image": "../../assets/img2.jpg",
      "Qualification": "BE(CSE)",
      "Address": "Puducherry, Tamilnadu"
    },
    {
      "name": "Anshika",
      "age": 27,
      "image": "../../assets/img3.jpg",
      "Qualification": "BE(ECE)",
      "Address": "Coimbatore,Tamilnadu"
    },
    {
      "name": "Surya Priya",
      "age": 22,
      "image": "../../assets/img4.jpg",
      "Qualification": "B.sc(CSE)",
      "Address": "Tirunelveli,Tamilnadu"
    },
    {
      "name": "Bharathi",
      "age": 23,
      "image": "../../assets/img5.jpg",
      "Qualification": "BE(Civil)",
      "Address": "kanyakumari,Tamilnadu"
    },
    {
      "name": "Bhavana",
      "age": 29,
      "image": "../../assets/img6.jpg",
      "Qualification": "BE(CSE)",
      "Address": "Cuddalore,Tamilnadu"
    },
    {
      "name": "Hari priya",
      "age": 24,
      "image": "../../assets/img7.jpg",
      "Qualification": "B.sc(Maths)",
      "Address": "Ariyalur,Tamilnadu"
    },
    {
      "name": "Thiya",
      "age": 23,
      "image": "../../assets/img8.jpg",
      "Qualification": "B.sc(Sciences)",
      "Address": "Dharmapuri,Tamilnadu"
    },
    {
      "name": "Sara",
      "age": 27,
      "image": "../../assets/img9.jpg",
      "Qualification": "B.Sc(Animation)",
      "Address": "Dindigul,Tamilnadu"
    },
    {
      "name": "Thara",
      "age": 25,
      "image": "../../assets/img10.jpg",
      "Qualification": "BE(ECE)",
      "Address": "Erode,Tamilnadu"
    },
    {
      "name": "Anshika",
      "age": 26,
      "image": "../../assets/img11.jpg",
      "Qualification": "B.Sc(Fashion Design)",
      "Address": "Madurai,Tamilnadu"
    }
  ]
}